IP Address,Hit Count,Status
150.183.249.110,80,SUSPICIOUS
203.101.45.59,46,SUSPICIOUS
207.30.238.8,46,SUSPICIOUS
211.72.151.162,44,SUSPICIOUS
211.107.232.1,41,SUSPICIOUS
202.82.200.188,35,SUSPICIOUS
210.245.165.136,32,SUSPICIOUS
83.116.207.11,32,SUSPICIOUS
211.167.68.59,31,SUSPICIOUS
84.102.20.2,25,SUSPICIOUS
61.74.96.178,23,SUSPICIOUS
208.62.55.75,23,SUSPICIOUS
163.27.187.39,23,SUSPICIOUS
62.99.164.82,23,SUSPICIOUS
63.197.98.106,23,SUSPICIOUS
211.72.2.106,23,SUSPICIOUS
211.57.88.250,23,SUSPICIOUS
81.171.220.226,23,SUSPICIOUS
206.196.21.129,23,SUSPICIOUS
217.187.83.139,23,SUSPICIOUS
82.83.227.67,23,SUSPICIOUS
220.94.205.45,23,SUSPICIOUS
212.65.68.82,23,SUSPICIOUS
218.146.61.230,23,SUSPICIOUS
82.68.222.194,23,SUSPICIOUS
82.68.222.195,23,SUSPICIOUS
216.12.111.241,23,SUSPICIOUS
211.42.188.206,23,SUSPICIOUS
67.95.49.172,23,SUSPICIOUS
206.47.209.10,23,SUSPICIOUS
172.181.208.156,23,SUSPICIOUS
207.243.167.114,23,SUSPICIOUS
82.252.162.81,22,SUSPICIOUS
60.30.224.116,20,SUSPICIOUS
221.4.102.93,19,SUSPICIOUS
217.187.83.50,19,SUSPICIOUS
210.118.170.95,18,SUSPICIOUS
195.129.24.210,15,SUSPICIOUS
218.188.2.4,14,SUSPICIOUS
218.69.108.57,13,SUSPICIOUS
220.117.241.87,13,SUSPICIOUS
222.33.90.199,12,SUSPICIOUS
65.166.159.14,10,SUSPICIOUS
209.152.168.249,10,SUSPICIOUS
211.214.161.141,10,SUSPICIOUS
82.77.200.128,10,SUSPICIOUS
211.137.205.253,10,SUSPICIOUS
68.143.156.89,10,SUSPICIOUS
202.181.236.180,10,SUSPICIOUS
211.9.58.217,10,SUSPICIOUS
218.22.3.51,9,SUSPICIOUS
61.53.154.93,9,SUSPICIOUS
24.54.76.216,8,SUSPICIOUS
210.223.97.117,7,SUSPICIOUS
210.76.59.29,7,SUSPICIOUS
217.60.212.66,6,SUSPICIOUS
211.115.206.155,5,SUSPICIOUS
210.229.150.228,5,SUSPICIOUS
218.16.122.48,5,SUSPICIOUS
218.55.234.102,5,SUSPICIOUS
203.251.225.101,5,SUSPICIOUS
212.0.132.20,4,SUSPICIOUS
193.110.106.11,2,Ok
211.46.224.253,1,Ok
67.170.148.126,1,Ok
200.60.37.201,1,Ok
85.44.47.166,1,Ok
218.38.58.3,1,Ok
